{"cameraMode":{"drawMode":0,"name":"Shaded","section":"Shading Mode"},"sceneLighting":true,"audioPlay":false,"sceneViewState":{"showFog":true,"showMaterialUpdate":true,"showSkybox":true,"showFlares":true,"showImageEffects":true,"showParticleSystems":true},"in2DMode":false,"pivot":{"x":-2.18475341796875,"y":19.80859375,"z":-12.41796875},"rotation":{"x":0.4721318185329437,"y":0.02908206544816494,"z":-0.015586786903440953,"w":0.8809102773666382},"size":21.083160400390626,"orthographic":true}