{"cameraMode":{"drawMode":0,"name":"Shaded","section":"Shading Mode"},"sceneLighting":true,"audioPlay":false,"sceneViewState":{"showFog":true,"showMaterialUpdate":true,"showSkybox":true,"showFlares":true,"showImageEffects":true,"showParticleSystems":true},"in2DMode":false,"pivot":{"x":7.534433364868164,"y":-0.9573396444320679,"z":4.8544769287109379},"rotation":{"x":0.3418036997318268,"y":0.47044819593429568,"z":-0.20419149100780488,"w":0.7874990105628967},"size":7.604324817657471,"orthographic":true}