{"cameraMode":{"drawMode":0,"name":"Shaded","section":"Shading Mode"},"sceneLighting":false,"audioPlay":false,"sceneViewState":{"showFog":true,"showMaterialUpdate":false,"showSkybox":true,"showFlares":true,"showImageEffects":true,"showParticleSystems":true},"in2DMode":false,"pivot":{"x":0.0,"y":0.47457945346832278,"z":-0.00005030632019042969},"rotation":{"x":0.03946744650602341,"y":0.9595131278038025,"z":-0.2184135466814041,"w":0.17341409623622895},"size":6.492889881134033,"orthographic":true}