{"cameraMode":{"drawMode":0,"name":"Shaded","section":"Shading Mode"},"sceneLighting":false,"audioPlay":false,"sceneViewState":{"showFog":true,"showMaterialUpdate":true,"showSkybox":true,"showFlares":true,"showImageEffects":true,"showParticleSystems":true},"in2DMode":false,"pivot":{"x":23.71135902404785,"y":-0.1490774154663086,"z":13.156806945800782},"rotation":{"x":-0.15570347011089326,"y":-0.6265009641647339,"z":0.1296098679304123,"w":-0.7526315450668335},"size":22.0,"orthographic":false}