{"cameraMode":{"drawMode":0,"name":"Shaded","section":"Shading Mode"},"sceneLighting":false,"audioPlay":false,"sceneViewState":{"showFog":true,"showMaterialUpdate":false,"showSkybox":true,"showFlares":true,"showImageEffects":true,"showParticleSystems":true},"in2DMode":false,"pivot":{"x":2.470165252685547,"y":-6.472681522369385,"z":-4.215171813964844},"rotation":{"x":0.10676053166389466,"y":0.8776136040687561,"z":-0.4065525531768799,"w":0.2304598093032837},"size":12.624675750732422,"orthographic":false}