{"cameraMode":{"drawMode":0,"name":"Shaded","section":"Shading Mode"},"sceneLighting":false,"audioPlay":false,"sceneViewState":{"showFog":true,"showMaterialUpdate":false,"showSkybox":true,"showFlares":true,"showImageEffects":true,"showParticleSystems":true},"in2DMode":false,"pivot":{"x":0.0,"y":0.046121805906295779,"z":-0.00005030632019042969},"rotation":{"x":0.06546255201101303,"y":0.9304845333099365,"z":-0.2059425264596939,"w":0.29580554366111758},"size":12.701869010925293,"orthographic":true}