{"cameraMode":{"drawMode":0,"name":"Shaded","section":"Shading Mode"},"sceneLighting":true,"audioPlay":false,"sceneViewState":{"showFog":true,"showMaterialUpdate":true,"showSkybox":true,"showFlares":true,"showImageEffects":true,"showParticleSystems":true},"in2DMode":false,"pivot":{"x":-20.902639389038087,"y":-22.217859268188478,"z":30.363174438476564},"rotation":{"x":-0.28055673837661745,"y":0.28659266233444216,"z":-0.0881820097565651,"w":-0.9117985367774963},"size":60.9417610168457,"orthographic":false}