{"cameraMode":{"drawMode":0,"name":"Shaded","section":"Shading Mode"},"sceneLighting":false,"audioPlay":false,"sceneViewState":{"showFog":true,"showMaterialUpdate":true,"showSkybox":true,"showFlares":true,"showImageEffects":true,"showParticleSystems":true},"in2DMode":false,"pivot":{"x":0.23333820700645448,"y":-7.128817081451416,"z":5.901071548461914},"rotation":{"x":0.3401588797569275,"y":0.0667843148112297,"z":-0.024226782843470575,"w":0.9376806020736694},"size":28.443113327026368,"orthographic":false}