{"cameraMode":{"drawMode":0,"name":"Shaded","section":"Shading Mode"},"sceneLighting":false,"audioPlay":false,"sceneViewState":{"showFog":true,"showMaterialUpdate":true,"showSkybox":true,"showFlares":true,"showImageEffects":true,"showParticleSystems":true},"in2DMode":false,"pivot":{"x":-1.5968704223632813,"y":-8.125085830688477,"z":0.7074012756347656},"rotation":{"x":0.46295109391212466,"y":0.07086405903100968,"z":-0.03716295212507248,"w":0.8827647566795349},"size":28.443113327026368,"orthographic":false}