{"cameraMode":{"drawMode":0,"name":"Shaded","section":"Shading Mode"},"sceneLighting":false,"audioPlay":false,"sceneViewState":{"showFog":true,"showMaterialUpdate":false,"showSkybox":true,"showFlares":true,"showImageEffects":true,"showParticleSystems":true},"in2DMode":false,"pivot":{"x":-13.772424697875977,"y":14.631628036499024,"z":-0.2971963882446289},"rotation":{"x":0.2912490963935852,"y":0.637602686882019,"z":-0.2838347852230072,"w":0.6542741656303406},"size":4.800217628479004,"orthographic":true}