{"cameraMode":{"drawMode":0,"name":"Shaded","section":"Shading Mode"},"sceneLighting":false,"audioPlay":false,"sceneViewState":{"showFog":true,"showMaterialUpdate":false,"showSkybox":true,"showFlares":true,"showImageEffects":true,"showParticleSystems":true},"in2DMode":false,"pivot":{"x":-0.03808283805847168,"y":0.7936152815818787,"z":0.029924869537353517},"rotation":{"x":0.06546255201101303,"y":0.9304845333099365,"z":-0.2059425264596939,"w":0.29580554366111758},"size":10.6019926071167,"orthographic":true}