{"cameraMode":{"drawMode":0,"name":"Shaded","section":"Shading Mode"},"sceneLighting":false,"audioPlay":false,"sceneViewState":{"showFog":true,"showMaterialUpdate":false,"showSkybox":true,"showFlares":true,"showImageEffects":true,"showParticleSystems":true},"in2DMode":false,"pivot":{"x":-12.399628639221192,"y":12.025847434997559,"z":-0.38379913568496706},"rotation":{"x":0.27527356147766116,"y":0.6426448822021484,"z":-0.26666074991226199,"w":0.6634185314178467},"size":4.800217628479004,"orthographic":true}